,ID,ratio_ppg,Gender..Female.1..Male.2.,Age..years.,BMI,Complications,Duration.of.diabetes..years.,sum_total_g,ratio_staples_total_24,ratio_dairy_total_24,ratio_fruits_total_24,ratio_veg_total_24,ratio_animals_total_24,ratio_legum_total_24,premeal_1h_mean_glu_sd_24,premeal_1h_mean_glu_mean_24
1,2000_0_20201230,0.333333333333333,2,57,23.5986134939253,1,25,470,0.531914893617021,0,0.148936170212766,0.319148936170213,0,0,29.5036801502424,107.894564198688
2,2001_0_20201102,0.5,1,69,26.5398335315101,0,14,700,0.0714285714285714,0.157142857142857,0,0.214285714285714,0.142857142857143,0,18.8091355415134,119.319587628866
3,2001_1_20201117,0.333333333333333,1,69,25.3032104637337,0,14,545,0.119266055045872,0.201834862385321,0,0,0.403669724770642,0,11.5159305068022,172.748969072165
4,2002_0_20210513,0.333333333333333,2,57,24.2214532871972,1,10,497,0.251509054325956,0,0,0.223340040241449,0.311871227364185,0,68.2934023769486,197.434020618557
5,2003_0_20210615,0.5,1,58,23.2376561570494,1,22,1780,0.305056179775281,0,0,0.185955056179775,0.0926966292134832,0,27.7441780887207,218.224484536082
6,2005_0_20211201,0.333333333333333,1,67,22.4609375,1,0.01,769,0.334200260078023,0,0,0.29518855656697,0.0793237971391417,0,20.913203207676,177.153755522828
7,2006_0_20211112,0.666666666666667,1,35,19.2570288155177,1,8,1025,0.406829268292683,0,0,0.11609756097561,0.0663414634146341,0,22.5956636016728,188.007216494845
8,2009_0_20211103,0.333333333333333,2,64,23.356401384083,1,0.04,360,0.497222222222222,0,0,0.302777777777778,0.2,0,22.4674287816851,192.661855670103
9,2014_0_20201224,0.4,1,42,34.1190311980202,0,7,1766,0.0753114382785957,0.113250283125708,0,0.148357870894677,0.0237825594563986,0.0362400906002265,19.3472051904408,142.701030927835
10,2015_1_20210219,0.4,2,55,23.4710743801653,0,4,826,0.324455205811138,0,0.0605326876513317,0.121065375302663,0.25181598062954,0,30.5796600491935,169.419868791003
11,2016_0_20201224,0.5,1,56,20.2020202020202,0,1,775,0.206451612903226,0.258064516129032,0,0.129032258064516,0.129032258064516,0.0193548387096774,15.3646668193317,133.132731958763
12,2017_0_20210102,0.333333333333333,1,66,17.0874449997864,0,1,633,0.276461295418641,0,0,0.394944707740916,0.327014218009479,0,11.1292151798222,135.94420861128
13,2017_1_20201118,0.5,1,66,17.0874449997864,0,1,416,0.15625,0,0.480769230769231,0.0480769230769231,0.120192307692308,0,17.6928790013279,145.795116657623
14,2018_0_20210420,0.666666666666667,1,66,19.921875,1,20,531,0.286252354048964,0,0,0.190207156308851,0.112994350282486,0,34.8588649545356,148.243298969072
15,2021_0_20211013,0.333333333333333,1,78,19.0273994552155,1,16,1241,0.219178082191781,0,0,0.188557614826753,0.176470588235294,0,35.9729851586287,225.016237113402
16,2023_0_20210812,0.333333333333333,1,72,23.4223683617855,1,4,822,0.332116788321168,0,0,0.267639902676399,0.0742092457420925,0,27.5924830181374,190.729787234043
17,2025_0_20210506,0.666666666666667,2,63,21.7775533392248,1,20,781,0.339308578745198,0,0.156209987195903,0.137003841229193,0.236875800256082,0,16.0943771373343,228.121892055791
18,2026_0_20210916,0.75,1,58,19.2335607490202,1,0.17,600,0.358333333333333,0,0,0.333333333333333,0.308333333333333,0,19.0757337678655,103.983613673359
19,2027_0_20210521,0.333333333333333,2,71,27.458654210327,1,5,748,0.351604278074866,0,0,0.296791443850267,0.0828877005347594,0,29.0782623296877,143.139432989691
20,2031_0_20210601,0.5,2,63,20.8979591836735,1,20,2081,0.352715040845747,0,0,0.16530514175877,0.103315713599231,0,36.4595903882945,173.022680412371
21,2033_0_20210615,0.5,2,38,32.0069204152249,1,2,1647,0.304796599878567,0,0,0.145112325440194,0,0,27.3729787708268,212.982216494845
22,2036_0_20210803,0.666666666666667,2,22,24.7566772295156,0,8,1631,0.457388105456775,0,0,0.202942979767014,0.0374003678724709,0,18.8695793903441,203.594845360825
23,2037_0_20201221,0.333333333333333,2,49,24.4646016033724,0,0.1,820,0.0731707317073171,0.225609756097561,0,0,0.310975609756098,0.121951219512195,21.4612871795747,127.909157064888
24,2039_0_20210615,0.5,1,50,25.5588462006572,1,8,1825,0.293698630136986,0,0,0.178082191780822,0.033972602739726,0,35.5945019582529,199.848048600884
25,2043_0_20210513,0.666666666666667,1,61,22.265625,0,0.08,1266,0.31042654028436,0,0,0.250394944707741,0.0545023696682464,0,20.9805531367962,128.078350515464
26,2044_0_20211101,0.6,1,71,22.826880934989,1,30,860,0.0465116279069767,0.930232558139535,0,0,0,0,56.9616430951697,206.730154639175
27,2045_0_20201216,0.6,2,69,24.3417582863402,0,8,740,0.135135135135135,0.337837837837838,0.0675675675675676,0,0.121621621621622,0,66.4909726349903,182.35206185567
28,2046_0_20201216,0.666666666666667,2,37,25.2493372048984,0,3,1250,0.32,0,0,0.12,0,0,17.6328527713933,122.947968465737
29,2047_0_20210420,0.5,1,41,26.6389177939646,0,2,723,0,0.4149377593361,0,0,0.345781466113416,0.0802213001383126,15.2490226903603,102.389195876289
30,2048_0_20210426,0.333333333333333,1,83,19.7776986669831,0,20,810,0.407407407407407,0,0,0.123456790123457,0.246913580246914,0,25.3943360269087,131.54397440455
31,2049_0_20210426,0.333333333333333,2,37,29.1945461431637,0,11,690,0.507246376811594,0,0,0,0.217391304347826,0.072463768115942,62.6819301858653,277.99263622975
32,2050_0_20210510,0.5,1,68,18.9619274241523,0,0.17,880,0.3125,0.221590909090909,0,0,0.0568181818181818,0,13.3908119015662,124.532783505155
33,2051_0_20210512,0.333333333333333,2,52,26.4489795918367,0,20,580,0.224137931034483,0,0,0.120689655172414,0.0862068965517241,0,9.86343632816609,107.118556701031
34,2052_0_20210511,0.4,2,54,23.141498292317,0,2,1575,0.206349206349206,0,0,0.253968253968254,0.19047619047619,0.285714285714286,56.3802577881816,139.453608247423
35,2053_0_20210518,0.333333333333333,2,47,24.2122933884298,0,10,400,0.5,0,0.375,0,0.125,0,27.7299368018441,238.778041237113
36,2055_0_20210524,0.25,1,65,22.272071783368,0,6,782,0.175191815856777,0,0.127877237851662,0.0191815856777494,0.0767263427109974,0.051150895140665,19.8174111374397,140.872036082474
37,2055_1_20201207,0.6,1,65,22.272071783368,0,7,951,0.210304942166141,0.10515247108307,0.120925341745531,0.10515247108307,0.0893796004206099,0.111461619348055,14.3999766645959,136.651546391753
38,2056_0_20210524,0.8,1,44,29.296875,0,1,1835,0.0108991825613079,0.108991825613079,0.0544959128065395,0.381471389645777,0.0299727520435967,0.0490463215258856,9.83235561918019,63.5938144329897
39,2059_0_20210525,0.5,2,84,26.3656030286641,1,40,490,0.244897959183673,0,0,0.26530612244898,0.285714285714286,0,15.5772480450009,126.463917525773
40,2061_0_20210601,0.75,2,69,23.301094832264,0,15,1025,0.341463414634146,0.146341463414634,0,0.268292682926829,0.146341463414634,0,12.1520952384281,109.976288659794
41,2062_0_20210601,0.666666666666667,1,65,21.7554685336814,0,5,795,0.163522012578616,0.377358490566038,0,0.176100628930818,0.157232704402516,0,30.9250160211761,120.365599565925
42,2063_0_20210608,0.333333333333333,2,63,24.023808670085,0,1,720,0.416666666666667,0.347222222222222,0,0.0972222222222222,0.0694444444444444,0,20.6419680266529,120.572164948454
43,2064_0_20210608,0.333333333333333,2,67,24.5674740484429,1,15,690,0.144927536231884,0.36231884057971,0,0,0,0,14.2700058204705,128.803608247423
44,2065_0_20210615,0.666666666666667,1,77,24.8888888888889,0,24,1672,0.228468899521531,0,0.041866028708134,0.0269138755980861,0.0729665071770335,0.0239234449760766,52.3254733540555,164.72412371134
45,2066_0_20210615,0.666666666666667,2,72,23.5294117647059,0,10,1564,0.130434782608696,0,0.0959079283887468,0.159846547314578,0,0,19.0186572195895,92.1896907216495
46,2067_0_20210615,0.333333333333333,2,68,22.0521901834341,0,2.5,980,0.408163265306122,0,0,0.183673469387755,0.255102040816327,0.102040816326531,10.7630032474575,97.8123711340206
47,2068_0_20210616,0.333333333333333,1,63,26.4462809917355,1,8,1200,0.166666666666667,0.208333333333333,0,0.25,0.375,0,11.3115834203327,126.760824742268
48,2069_0_20210621,0.666666666666667,1,85,22.2222222222222,1,16,885,0.214689265536723,0.169491525423729,0,0.299435028248588,0.146892655367232,0,14.0304694879964,244.200687285223
49,2069_1_20210705,0.666666666666667,1,85,22.2222222222222,1,16,739,0.257104194857916,0,0,0.081190798376184,0.277401894451962,0,16.437937814287,202.263917525773
50,2069_2_20210825,0.333333333333333,1,85,22.2222222222222,1,16,455,0.230769230769231,0,0,0.21978021978022,0,0,53.4109446838922,171.129408572979
51,2071_0_20210705,0.666666666666667,2,63,26.8166089965398,0,15,235,0.531914893617021,0,0,0.212765957446809,0.25531914893617,0,12.9765905257408,132.562886597938
52,2072_0_20210706,0.5,2,59,25.7116620752984,0,10,1458,0.211248285322359,0.137174211248285,0,0.157750342935528,0.0411522633744856,0.0342935528120713,23.4901653618803,112.725773195876
53,2074_0_20210707,0.333333333333333,2,31,26.2345679012346,0,0.58,795,0.182389937106918,0.314465408805031,0,0.125786163522013,0.339622641509434,0,18.2645302772493,185.714036478985
54,2074_1_20210720,0.333333333333333,2,31,26.2345679012346,0,0.58,70,0,0,0,0,0,0,27.8898715850898,100.036206185567
55,2075_0_20210720,0.5,1,50,27.969599938274,0,4,730,0.205479452054795,0,0.205479452054795,0.205479452054795,0.205479452054795,0,15.2571222092316,98.2400187441424
56,2077_0_20210803,0.333333333333333,2,38,26.2287413545391,0,0.67,695,0.431654676258993,0.316546762589928,0,0.0719424460431655,0.107913669064748,0,13.3824608826746,75.744
57,2078_0_20210803,0.333333333333333,2,58,22.8373702422145,0,10,650,0.4,0.384615384615385,0,0,0.138461538461538,0,15.6366546051371,149.984216139353
58,2078_1_20210817,0.25,2,58,22.8373702422145,0,10,1259,0.039714058776807,0,0.631453534551231,0.079428117553614,0.039714058776807,0,18.8192923804097,122.778271213323
59,2080_0_20210816,0.4,1,51,24.3865264441396,0,5,270,0.555555555555556,0,0,0,0.37037037037037,0,9.38345183977624,93.433966359197
60,2082_0_20210907,0.333333333333333,1,51,27.34375,0,0.08,1190,0.420168067226891,0,0,0.0252100840336134,0.0504201680672269,0,42.0478675052039,156.105154639175
61,2083_0_20201214,0.666666666666667,2,68,24.8163265306122,0,7,660,0.234848484848485,0.166666666666667,0,0.325757575757576,0.272727272727273,0,2.43726624573052,132.816494845361
62,2085_0_20200907,0.5,1,37,21.7735274507658,0,0.1,1840,0.168478260869565,0.396739130434783,0,0,0.135869565217391,0,8.85494347633412,79.6577319587629
63,2086_0_20200914,0.333333333333333,2,57,22.0580691494819,0,10,200,0,0,0,0,0.25,0,32.2986234819562,159.801576713159
64,2087_0_20201012,0.333333333333333,1,67,20.5761316872428,0,0.41,170,0.705882352941177,0,0,0,0.294117647058824,0,12.1167991131083,124.597113402062
65,2088_0_20201123,0.5,1,64,23.4375,0,7,250,0.4,0,0,0,0,0,43.0005797614212,191.333303451367
66,2089_0_20201019,0.333333333333333,2,65,22.4913494809689,0,21,510,0.294117647058824,0,0,0.0784313725490196,0.215686274509804,0,54.6514233862504,166.436143117041
67,2090_0_20201130,0.5,2,72,21.8870763653774,0,10,795,0.125786163522013,0.251572327044025,0,0.182389937106918,0.314465408805031,0,21.5446926494916,191.921134020619
68,2091_0_20201029,0.5,2,60,23.5970042064225,0,7,1020,0.343137254901961,0.117647058823529,0,0.0980392156862745,0.0490196078431373,0.0196078431372549,23.3150203980313,128.249394890184
69,2092_0_20201109,0.333333333333333,2,49,24.3438094940857,1,0.5,2230,0.349775784753363,0.112107623318386,0.0448430493273543,0.112107623318386,0,0,22.0250695295587,118.27925257732
70,2093_0_20201109,0.25,1,65,21.1620644312952,0,0.5,1458,0.0685871056241427,0,0.108367626886145,0.133744855967078,0.315500685871056,0,14.9008342031678,132.154639175258
71,2094_0_20211109,0.666666666666667,1,74,25.4716627751626,1,15,550,0.363636363636364,0,0,0.109090909090909,0.163636363636364,0,41.6732715420852,161.50623038996
72,2096_0_20201116,0.5,1,60,26.3702381435352,0,0.1,520,0,0.576923076923077,0.192307692307692,0,0,0.0384615384615385,18.0615186506965,121.913107511046
73,2098_0_20201106,0.5,1,64,26.171875,0,0.1,1229,0.383238405207486,0.179007323026851,0,0.109031733116355,0.174125305126119,0.0081366965012205,17.64664924731,169.175257731959
74,2099_0_20201116,0.333333333333333,1,44,28.9993074792244,0,0.1,732,0,0.136612021857924,0.153005464480874,0.10792349726776,0.211748633879781,0.0355191256830601,10.0286440894813,78.1051546391753